Nom,Email,Téléphone,Mot de passe temporaire,ID Compte
Sophie Martin,sophie.martin@email.com,0678451236,Sh};g4N:Xo#[2Y7N,acc_1762996981342869_czg41hk9
Thomas Dubois,thomas.dubois@proton.me,0789562347,o]^KLS7gA#L.&Ay(,acc_1762996981598163_2qmsmua0
Marie Lambert,marie.lambert34@gmail.com,0645789632,9?#nz4PbVFhZ2Q53,acc_1762996981859207_ftuelg92
Pierre Moreau,p.moreau@entreprise.fr,0798654321,W]AO0ioN^g1ZipUE,acc_1762996982114888_zj3h3z01
Laura Petit,laura.petit@outlook.com,0632457896,-Cb)?@@n^BYZj7Eh,acc_1762996982377402_r28qxa35
Antoine Rousseau,antoine.r@proton.me,0789456123,wHA!*78h8=hV[+sR,acc_1762996982635394_iupi7cma
Camille Leroy,camille.leroy@email.com,0698745632,&oK2Z-7ZUzUkX(sP,acc_1762996982897105_qe4uc981
Nicolas Blanc,nicolas.blanc@entreprise.fr,0745896321,(Eg&5TOHfWxTu#bw,acc_1762996983154538_i983wchk
Élodie Garnier,elodie.garnier@proton.me,0654789632,"l:Gl[pF4WZ1K,jo4",acc_1762996983411047_g8elbqgf
David Fontaine,david.fontaine@gmail.com,0796321458,"T,pq]A6fba>1N>*K",acc_1762996983669514_qk502ddp
Sarah Meyer,sarah.meyer@outlook.com,0687452396,"WbOhP|,_hD9X5ErA",acc_1762996983934584_ycc2nlhe
Julien Schmitt,julien.schmitt@proton.me,0741238965,Z%MJM<q@Xtx5&Z4f,acc_1762996984195237_6axy2xjn
Céline Weber,celine.weber@email.com,0697854321,yN(19MY(<%4ZR1FQ,acc_1762996984464021_kcm9cz8s
Marc Fischer,marc.fischer@entreprise.fr,0789632541,"M1GT,l<P5Tx%2&u.",acc_1762996984722456_j6uidmhi
Anaïs Klein,anais.klein@gmail.com,0632547896,BKpH352Y;554|WIn,acc_1762996984986567_o88k170v
Alexandre Muller,alex.muller@proton.me,0745963214,"H4Bu.U[>w,,9BB>A",acc_1762996985240968_ysz8b5dn
Claire Hoffmann,claire.hoffmann@outlook.com,0696321478,--*P$G-po+.2?Oj0,acc_1762996985495875_6xp0e9s3
Patrick Schneider,patrick.schneider@entreprise.fr,0787412596,p^uqL;{O0}6Xz;S?,acc_1762996985748636_t432rpr1
Isabelle Wagner,isabelle.wagner@email.com,0647852396,vq1USS%[)miu!ccr,acc_1762996986007013_15plso04
