Nom,Email,Téléphone,"Mot de passe temporaire","ID Compte"
"Sophie Martin",sophie.martin@email.com,0678451236,0=CX+?I#3s2<dM43,acc_69488aa558f07
"Thomas Dubois",thomas.dubois@proton.me,0789562347,f]qnd3(uPT07M^l9,acc_69488aa58bbaf
"Marie Lambert",marie.lambert34@gmail.com,0645789632,$9hg6ivJ+0X3#HcA,acc_69488aa5beea8
"Pierre Moreau",p.moreau@entreprise.fr,0798654321,-MLSF@Jl0V+b|(8?,acc_69488aa5f25ef
"Laura Petit",laura.petit@outlook.com,0632457896,OZ0mFBE(+$-i(]c;,acc_69488aa63075a
"Antoine Rousseau",antoine.r@proton.me,0789456123,sAT(%H.kXtVBD8O;,acc_69488aa662617
"Camille Leroy",camille.leroy@email.com,0698745632,6S}LY8liI9lMxGj&,acc_69488aa6950d5
"Nicolas Blanc",nicolas.blanc@entreprise.fr,0745896321,oBqb0fPY4xa.9&GA,acc_69488aa6c88ac
"Élodie Garnier",elodie.garnier@proton.me,0654789632,Ob.+!be77:;:]3KY,acc_69488aa707c18
"David Fontaine",david.fontaine@gmail.com,0796321458,"<5|eniXe,^BLgvYf",acc_69488aa73a4a2
"Sarah Meyer",sarah.meyer@outlook.com,0687452396,")0z}-?PSUV1#,)Eq",acc_69488aa76d170
"Julien Schmitt",julien.schmitt@proton.me,0741238965,TlJ2FBgSEt]%8elP,acc_69488aa7a0c34
"Céline Weber",celine.weber@email.com,0697854321,;:PN:LuO1}+0C3xq,acc_69488aa7d44dc
"Marc Fischer",marc.fischer@entreprise.fr,0789632541,bn5Bsyn45DGAA>4U,acc_69488aa812d00
"Anaïs Klein",anais.klein@gmail.com,0632547896,MV!z}9zI.e=0-.]Q,acc_69488aa84588c
"Alexandre Muller",alex.muller@proton.me,0745963214,ELnLa+.AYe9k!3qK,acc_69488aa87822b
"Claire Hoffmann",claire.hoffmann@outlook.com,0696321478,&Viym4;$.qjE0j-E,acc_69488aa8ab6de
"Patrick Schneider",patrick.schneider@entreprise.fr,0787412596,))%g0NtrPR9dadjL,acc_69488aa8de6b8
"Isabelle Wagner",isabelle.wagner@email.com,0647852396,qX3&z]YnglM9i@KQ,acc_69488aa91d601
test,test@test.fr,0645234875,qBJYZX1g[qHI9h<t,acc_69488aa94f814
test,test@test.fr,0540404040,80H<a;DUXq?2:pzz,acc_69488aa98271b
t,test@test.fr,0606060606,upyZQ.TB^+qD&Q6O,acc_69488aa9b5bb3
"Test User",test@example.com,0612345678,lthf|%-J5_dIgN8k,acc_69488aa9e75d6
"Test User 1764204184258",test1764204184258@example.com,0612345678,2}$8JqPBTwU%%Y@w,acc_69488aaa25258
"Test User 1764204293200",test1764204293200@example.com,0612345678,=mU>luL*1+W1_TFg,acc_69488aaa589fe
"Integrity Test",integrity_test_1764204297758@example.com,0698765432,6J%9(k$J-w[*6C1=,acc_69488aaa8a8ef
"Test User 1764204332382",test1764204332382@example.com,0612345678,y]Ii@Smv3(GHyLY5,acc_69488aaabc01a
"Integrity Test",integrity_test_1764204336940@example.com,0698765432,"^o9ep[Jxd*Jy5=,P",acc_69488aaaedd0a
"Test User 1764204353101",test1764204353101@example.com,0612345678,#U2zsz061r;V3tG;,acc_69488aab2b3ad
"Integrity Test",integrity_test_1764204357660@example.com,0698765432,D?4*(z=mN35*R8Bj,acc_69488aab5ca47
"Test User 1764204391654",test1764204391654@example.com,0612345678,qO(.Zp@pssf03-)t,acc_69488aab8ef03
"Integrity Test",integrity_test_1764204396228@example.com,0698765432,^aNC5EgNMZr$ikD#,acc_69488aabc10e3
test,test@test.fr,0606060606,:k9K}Y2)04?Nj6Io,acc_69488aabf2cd4
tsets,test10@test.fr,0606060606,m-n)aRwJ3CqGL8{K,acc_69488aac31626
"Test User 1764883992607",test1764883992607@example.com,0612345678,"{K4zm-KwZ{K,sW9W",acc_69488aac6396c
"Integrity Test",integrity_test_1764883997250@example.com,0698765432,.WYme-6=}B^JvX|?,acc_69488aac954d2
qedge,jean.castex@gmail.com,0405060708,#j2xvsVsMW)a>x0;,acc_69488aacc6e60
"Marius Picherit",siphshunse@gmail.com,0648652516,$*[fB](h5Sp_M8eD,acc_69488aad04dab
"Test User",test@example.com,0612345678,W%pfzE>Ym=F9pf4X,acc_69488aad3647f
"Test User",test@example.com,0612345678,T82NO6[7}OXLa+[<,acc_69488aad6859e
